<?xml version="1.0" encoding="utf-8"?>
<extension version="2.5" type="template" client="site" method="upgrade">
    <name>JM_Forma</name>
    <creationDate>Nov 2013</creationDate>
    <author>JoomlaMan.com</author>
    <authorEmail>support@joomlaman.com</authorEmail>
    <authorUrl>http://www.joomlaman.com</authorUrl>
    <copyright>Copyright (C) 2010 - 2013 JoomlaMan.com. All rights reserved.</copyright>
    <license>http://www.gnu.org/licenses/gpl-2.0.html GPLv2 or later</license>
    <version>2.1.0</version>
    <description>
		<![CDATA[
			JM Forma.<br />
			<a href="http://www.joomlaman.com" title="JoomlaMan" target="_blank">JoomlaMan.Com</a>
			<h3>Key Features</h3>
			<ul class="arrow">
				<li>Unlimited module positions with the power of unique layout builder</li>
				<li>Powered by Bootstrap and compatible with Joomla 2.5 and 3.0</li>
				<li>Three (8) presets with presets manager</li>
				<li>Uses latest web technologies like html5 and css3</li>
				<li>Tons of shortcodes in built</li>
				<li>Built with LESS CSS</li>
				<li>Megamenu, RTL Support, CSS and JS compression and many more...</li>
			</ul>
		]]>
	</description>
    <languages>
        <language tag="en-GB">en-GB.tpl_jm_forma.ini</language>
    </languages>
    <positions>
        <position>logo</position>
        <position>menu</position>
        <position>search</position>
        <position>slide</position>
        <position>user1</position>
        <position>user2</position>
        <position>user3</position>
        <position>user4</position>
        <position>left</position>
        <position>right</position>
        <position>feature</position>
        <position>pagetitle</position>
        <position>slider</position>
        <position>fp-message</position>
        <position>fp-icon1</position>
        <position>fp-icon2</position>
        <position>fp-icon3</position>
        <position>fp-latest</position>
        <position>fp-news</position>
        <position>fp-news1</position>
		<position>fp-news1-img</position>
        <position>fp-news2</position>
		<position>fp-news2-img</position>
        <position>fp-testinomial</position>
        <position>fp-clients</position>
        <position>fp-teams</position>
        <position>fp-tweets</position>
		<position>fp-portfolio</position>
		<position>fp-contact</position>
        <position>fp-parallax</position>
        <position>bottom1</position>
        <position>bottom2</position>
        <position>bottom3</position>
        <position>bottom4</position>
        <position>breadcrumb</position>
        <position>footer1</position>
        <position>footer2</position>
		<position>our-services</position>
		<position>our-skills</position>
        <position>cookielaw</position>
    </positions>
    <files>
        <file>index.html</file>
        <file>index.php</file>
        <file>favicon.ico</file>
        <file>template_preview.png</file>
        <file>template_thumbnail.png</file>
        <file>templateDetails.xml</file>
        <file>error.php</file>
        <file>offline.php</file>
        <file>component.php</file>
        <folder>core/</folder>
        <folder>css/</folder>
        <folder>features/</folder>
		<folder>fonts/</folder>
        <folder>html/</folder>
        <folder>images/</folder>
        <folder>js/</folder>
        <folder>layout/</folder>
        <folder>less/</folder>      
        <folder>lib/</folder>
        <folder>shortcodes/</folder>
    </files>
    <config>
        <fields name="params">

            <fieldset name="overviews" addfieldpath="/plugins/system/helix/fields">
                <field type="asset" />
                <field type="include" file="overview.php" />
            </fieldset>

            <fieldset name="basic" addfieldpath="/plugins/system/helix/fields">
            
                <field type="group" title="LAYOUT" />
                 <!-- layout type -->
                <field name="layout_width" type="list" default="1170" label="WIDTH">
                    <option value="1170">1170 (px)</option>
                    <option value="940">940 (px)</option>
                </field>
                <field name="layout_type" type="radio" default="responsive" label="TYPE">
                    <option value="responsive">Responsive</option>
                    <option value="fixed">Fixed</option>
                </field>
                
                <field type="group" title="Header" />
                <!-- header type -->
                <field name="headerResize" type="list" default="1" label="Header Resize">
                    <option value="1">Yes</option>
                    <option value="0">No</option>
                </field>
                <field name="smallHeader" type="text" size="40" default="60" label="Small Header" />
                <field name="bigHeader" type="text" size="40" default="100" label="Big Header" />
                <field name="logoHeight" type="text" size="40" default="55" label="Logo Height" />

                <field type="group" title="LOGO" />
                <!-- logo type -->
                <field name="logo_type" class="parent logotype" type="radio" default="image" label="TYPE">
                    <option value="image">Image</option>
                    <option value="text">Text</option>
                    <option value="no">None</option>
                </field>
                <field name="logo_position" class="child logotype logotype_image logotype_text" type="modpos" default="logo" client_id="0" label="POSITION" maxlength="50" />

                <!-- logo image -->
                <field name="logo_type_image" class="child logotype logotype_image" type="media" preview="true" label="IMAGE" />

                <!-- logo text -->
                <field name="logo_type_text" class="child logotype logotype_text" type="text" default="Helix" label="TEXT" />
                <field name="logo_type_slogan" class="child logotype logotype_text" type="text" default="Joomla! Templates Framework" label="SLOGAN" />

                <!-- logo width, height -->
                <field name="logo_width" size="40" class="child logotype logotype_image logotype_text logotype_css" type="text" default="130" label="WIDTH" />
                <field name="logo_height" size="40" class="child logotype logotype_image logotype_text logotype_css" type="text" default="50" label="HEIGHT" />

                <!-- Footer -->
                <field type="group" title="FOOTER" />
                <field name="footer_position" type="modpos" default="footer1" client_id="0" label="POSITION" maxlength="50" />
                
                <field name="showcp" type="radio" class="parent copyright" default="1" label="COPYRIGHT">
                    <option value="0">Hide</option>
                    <option value="1">Show</option>
                </field>
                <field name="copyright" class="child copyright copyright_1" type="textarea" rows="6" cols="30" default="Copyright ©  {year} JoomlaMan. All Rights Reserved." label="TEXT" />
                
                <field name="show_helix_logo" type="radio" default="0" label="HELIX_LOGO">
                    <option value="0">Hide</option>
                    <option value="1">Show</option>
                </field>
                
                <field name="jcredit" type="radio" default="0" label="JCREDIT">
                    <option value="0">Hide</option>
                    <option value="1">Show</option>
                </field>
                
                <field type="group" title="Brand Info" />
                <field name="credit_link" type="radio" default="0" label="CREDIT_TEXT" class="parent credit_text">
                    <option value="0">Hide</option>
                    <option value="1">Show</option>
                </field>
                <field name="credit_text" class="child credit_text credit_text_1" type="textarea" rows="6" cols="30" default="Designed by {JoomlaMan}" label="TEXT" filter="raw" />
                
                <field name="validator" type="radio" default="0" label="VALIDATOR">
                    <option value="0">Hide</option>
                    <option value="1">Show</option>
                </field>
                
                <field type="group" title="Goto Top Settings" />
                <field name="showtop" type="radio" default="1" label="GOTO_TOP" class="parent totop">
                    <option value="0">Hide</option>
                    <option value="1">Show</option>
                </field>
                <field name="totop_position" type="modpos" class="child totop totop_1" default="footer2" client_id="0" label="POSITION" maxlength="50" />
             
            </fieldset>
             <!--End Basic Tab-->
			 
            <fieldset name="preset"  addfieldpath="/plugins/system/helix/fields">
                <field type="group" title="PRESET" />

                <field name="preset" type="presets"  default="preset1" label="PRESET" />

                <field type="group" title="PRESET_SETTINGS" />
				
				<!--Start Preset1-->
                <field name="preset1_color" class="preset1" type="picker" default="#333333" label="Main Color" />
                <field name="preset1_headerbg" class="preset1" type="picker" default="#ffffff" label="Header Background Color" />
                <field name="preset1_headerlink" class="preset1" type="picker" default="#777777" label="Header Link Color" />
                <field name="preset1_bg" class="preset1" type="picker" default="#ffffff" label="Background Color" />
                <field name="preset1_text" class="preset1" type="picker" default="#555555" label="Text Color" />
                <field name="preset1_link" class="preset1" type="picker" default="#91d9ee" label="This color set for Link and Button" />
                <field name="preset1_bottom" class="preset1" type="picker" default="#f6f6f6" label="Bottom background Color" />
                <field name="preset1_footer" class="preset1" type="picker" default="#ffffff" label="Footer background Color" />
				<!--End Preset1-->
				<!--Start Preset2-->
                <field name="preset2_color" class="preset2" type="picker" default="#333333" label="Main Color" />
                <field name="preset2_headerbg" class="preset2" type="picker" default="#ffffff" label="Header Background Color" />
                <field name="preset2_headerlink" class="preset2" type="picker" default="#777777" label="Header Link Color" />
                <field name="preset2_bg" class="preset2" type="picker" default="#ffffff" label="Background Color" />
                <field name="preset2_text" class="preset2" type="picker" default="#555555" label="Text Color" />
                <field name="preset2_link" class="preset2" type="picker" default="#b02c54" label="This color set for Link and Button" />
                <field name="preset2_bottom" class="preset2" type="picker" default="#f6f6f6" label="Bottom background Color" />
                <field name="preset2_footer" class="preset2" type="picker" default="#ffffff" label="Footer background Color" />
				<!--End Preset2-->
				
				<!--Start Preset3-->
                <field name="preset3_color" class="preset3" type="picker" default="#333333" label="Main Color" />
                <field name="preset3_headerbg" class="preset3" type="picker" default="#ffffff" label="Header Background Color" />
                <field name="preset3_headerlink" class="preset3" type="picker" default="#777777" label="Header Link Color" />
                <field name="preset3_bg" class="preset3" type="picker" default="#ffffff" label="Background Color" />
                <field name="preset3_text" class="preset3" type="picker" default="#555555" label="Text Color" />
                <field name="preset3_link" class="preset3" type="picker" default="#58b092" label="This color set for Link and Button" />
                <field name="preset3_bottom" class="preset3" type="picker" default="#f6f6f6" label="Bottom background Color" />
                <field name="preset3_footer" class="preset3" type="picker" default="#ffffff" label="Footer background Color" />
				<!--End Preset3-->

                <!--Start Preset4-->
                <field name="preset4_color" class="preset4" type="picker" default="#333333" label="Main Color" />
                <field name="preset4_headerbg" class="preset4" type="picker" default="#ffffff" label="Header Background Color" />
                <field name="preset4_headerlink" class="preset4" type="picker" default="#777777" label="Header Link Color" />
                <field name="preset4_bg" class="preset4" type="picker" default="#ffffff" label="Background Color" />
                <field name="preset4_text" class="preset4" type="picker" default="#555555" label="Text Color" />
                <field name="preset4_link" class="preset4" type="picker" default="#f7bb2e" label="This color set for Link and Button" />
                <field name="preset4_bottom" class="preset4" type="picker" default="#f6f6f6" label="Bottom background Color" />
                <field name="preset4_footer" class="preset4" type="picker" default="#ffffff" label="Footer background Color" />
                <!--End Preset4-->

                <!--Start Preset5-->
                <field name="preset5_color" class="preset5" type="picker" default="#333333" label="Main Color" />
                <field name="preset5_headerbg" class="preset5" type="picker" default="#ffffff" label="Header Background Color" />
                <field name="preset5_headerlink" class="preset5" type="picker" default="#777777" label="Header Link Color" />
                <field name="preset5_bg" class="preset5" type="picker" default="#ffffff" label="Background Color" />
                <field name="preset5_text" class="preset5" type="picker" default="#555555" label="Text Color" />
                <field name="preset5_link" class="preset5" type="picker" default="#eda570" label="This color set for Link and Button" />
                <field name="preset5_bottom" class="preset5" type="picker" default="#f6f6f6" label="Bottom background Color" />
                <field name="preset5_footer" class="preset5" type="picker" default="#ffffff" label="Footer background Color" />
                <!--End Preset5-->
                <!--Start Preset6-->
                <field name="preset6_color" class="preset6" type="picker" default="#333333" label="Main Color" />
                <field name="preset6_headerbg" class="preset6" type="picker" default="#ffffff" label="Header Background Color" />
                <field name="preset6_headerlink" class="preset6" type="picker" default="#777777" label="Header Link Color" />
                <field name="preset6_bg" class="preset6" type="picker" default="#ffffff" label="Background Color" />
                <field name="preset6_text" class="preset6" type="picker" default="#555555" label="Text Color" />
                <field name="preset6_link" class="preset6" type="picker" default="#1dbd63" label="This color set for Link and Button" />
                <field name="preset6_bottom" class="preset6" type="picker" default="#f6f6f6" label="Bottom background Color" />
                <field name="preset6_footer" class="preset6" type="picker" default="#ffffff" label="Footer background Color" />
                <!--End Preset6-->
                <!--Start Preset7-->
                <field name="preset7_color" class="preset7" type="picker" default="#333333" label="Main Color" />
                <field name="preset7_headerbg" class="preset7" type="picker" default="#ffffff" label="Header Background Color" />
                <field name="preset7_headerlink" class="preset7" type="picker" default="#777777" label="Header Link Color" />
                <field name="preset7_bg" class="preset7" type="picker" default="#ffffff" label="Background Color" />
                <field name="preset7_text" class="preset7" type="picker" default="#555555" label="Text Color" />
                <field name="preset7_link" class="preset7" type="picker" default="#41c2ee" label="This color set for Link and Button" />
                <field name="preset7_bottom" class="preset7" type="picker" default="#f6f6f6" label="Bottom background Color" />
                <field name="preset7_footer" class="preset7" type="picker" default="#ffffff" label="Footer background Color" />
                <!--End Preset7-->
                <!--Start Preset8-->
                <field name="preset8_color" class="preset8" type="picker" default="#333333" label="Main Color" />
                <field name="preset8_headerbg" class="preset8" type="picker" default="#ffffff" label="Header Background Color" />
                <field name="preset8_headerlink" class="preset8" type="picker" default="#777777" label="Header Link Color" />
                <field name="preset8_bg" class="preset8" type="picker" default="#ffffff" label="Background Color" />
                <field name="preset8_text" class="preset8" type="picker" default="#555555" label="Text Color" />
                <field name="preset8_link" class="preset8" type="picker" default="#ca87fc" label="This color set for Link and Button" />
                <field name="preset8_bottom" class="preset8" type="picker" default="#f6f6f6" label="Bottom background Color" />
                <field name="preset8_footer" class="preset8" type="picker" default="#ffffff" label="Footer background Color" />
                <!--End Preset3-->	

            </fieldset>
			<!--End Preset-->
			
            <fieldset name="layout" addfieldpath="/plugins/system/helix/fields">
                <field type="layout" name="layout" />
            </fieldset>
          <!--End Layout-->	

            <!--Start Menu Tab-->
            <fieldset name="menu">

                <field type="group" title="Select Menu" />
                <field name="menu" type="expmenu" default="en:mainmenu" label="" />
                <field type="group" title="Menu Settings" />
                
                <field name="menudrill" type="list" default="drillmodel" label="Mobile Menu">
                    <option value="drillmodel">Model</option>
                    <option value="drillclassic">Classic</option>
                </field>
                
                <field name="menutype" type="list" default="mega" label="MENU_TYPE">
                    <option value="mega">Mega Menu</option>
                    <option value="drop">Dropline Menu</option>
                    <option value="split">Split Menu</option>
                </field>

                <field name="menu_col_width" type="text" default="200" label="DROP_COL_WIDTH" />
                <field name="show_menu_image" class="parent menuimage" type="radio" default="1" label="SHOW_MENU_IMAGE">
                    <option value="0">No</option>
                    <option value="1">Yes</option>
                </field>

                <field name="menu_image_position" class="child menuimage menuimage_1" type="radio" default="1" label="MENU_IMAGE_POSITION">
                    <option value="0">Background Image</option>
                    <option value="1">Image Source</option>
                </field>

                <field name="submenu_position" type="list" default="0" label="Submenu Position">
                    <option value="0">Default</option>
                    <option value="1">Center</option>
                </field>

                <field type="group" title="Menu Offsets" />
                <field name="init_x" type="text" default="0" label="X_OFFSET1" />
                <field name="init_y" type="text" default="0" label="Y_OFFSET1" />
                <field name="sub_x" type="text" default="0" label="X_OFFSET2" />
                <field name="sub_y" type="text" default="0" label="Y_OFFSET2" />
            </fieldset>
            <!--End Menu Tab-->

            <!--Start Font Tab-->
            <fieldset name="fonts">
                <field type="group" title="Body Font" />
					<field name="body_font" type="text" default="" label="BODY_FONT" />
					<field name="body_selectors" type="textarea" rows="6" cols="30" label="SELECTORS" />
                <field type="group" title="Header Font" />
					<field name="header_font" type="text" default="" label="HEADER_FONT" />
					<field name="header_selectors" type="textarea" default="" rows="6" cols="30" label="SELECTORS" />
                <field type="group" title="Others Font"  />
					<field name="other_font" type="text" default="" label="OTHER_FONT" />
					<field name="other_selectors" type="textarea" rows="6" cols="30" label="SELECTORS" />
            </fieldset>
            <!--End Font Tab-->
            <!-- Cookie consent settings -->
            <fieldset name="COOKIESETTING">
                <field type="group" title="TPL_JM_LANG_COOKIE_CONSENT" />
                    <field name="cookie_consent" type="list" class="jm_switch" default="0" label="" description="TPL_JM_LANG_COOKIE_CONSENT_DESC">
                            <option value="1">TPL_JM_LANG_ENABLED</option>
                            <option value="0">TPL_JM_LANG_DISABLED</option>
                    </field>
                <field type="group" title="TPL_JM_LANG_CONSENT_TYPE" />
                    <field name="consenttype" type="list"  default="helixlicit" label="" description="TPL_JM_LANG_CONSENT_TYPE_DESC">
                            <option value="implicit">TPL_JM_LANG_IMPLIED</option>
                            <option value="helixlicit">TPL_JM_LANG_EXPLICIT</option>
                    </field>
                <field type="group" title="TPL_JM_LANG_COOKIE_LATEST_VERSION" />
                    <field name="cookie_latest_version" type="list" class="jm_switch" default="0" label="" description="TPL_JM_LANG_COOKIE_LATEST_VERSION_DESC">
                            <option value="1">TPL_JM_LANG_ENABLED</option>
                            <option value="0">TPL_JM_LANG_DISABLED</option>
                    </field>
                <field type="group" title="TPL_JM_LANG_COOKIE_SSL" />
                    <field name="cookie_use_ssl" type="list" class="jm_switch" default="0" label="" description="TPL_JM_LANG_COOKIE_SSL_DESC">
                            <option value="1">TPL_JM_LANG_ENABLED</option>
                            <option value="0">TPL_JM_LANG_DISABLED</option>
                    </field>
                <field type="group" title="TPL_JM_LANG_BANNER_POSITION" />
                    <field name="banner_position" type="list"  default="bottom" label="" description="TPL_JM_LANG_BANNER_POSITION_DESC">
                            <option value="top">TPL_JM_LANG_TOP</option>
                            <option value="bottom">TPL_JM_LANG_BOTTOM</option>
                            <option value="push">TPL_JM_LANG_PUSH</option>
                    </field>
                <field type="group" title="TPL_JM_LANG_TAG_PLACEMENT" />
                    <field name="banner_tag_placement" type="list"  default="bottom-right" label="" description="TPL_JM_LANG_TAG_PLACEMENT_DESC">
                            <option value="bottom-right">TPL_JM_LANG_BR</option>
                            <option value="bottom-left">TPL_JM_LANG_BL</option>
                            <option value="vertical-left">TPL_JM_LANG_VL</option>
                            <option value="vertical-right">TPL_JM_LANG_VR</option>
                    </field>
                <field type="group" title="TPL_JM_LANG_COOKIE_STYLE" />
                    <field name="cookie_style" type="list"  default="light" label="" description="TPL_JM_LANG_COOKIE_STYLE_DESC">
                            <option value="dark">TPL_JM_LANG_DARK</option>
                            <option value="light">TPL_JM_LANG_LIGHT</option>
                            <option value="monochrome">TPL_JM_LANG_MONOCHROME</option>
                    </field>
                <field type="group" title="TPL_JM_LANG_REFRESH_CONSENT" />
                    <field name="refreshOnConsent" type="list"  class="jm_switch" default="0" label="" description="TPL_JM_LANG_REFRESH_CONSENT_DESC">
                            <option value="1">TPL_JM_LANG_ENABLED</option>
                            <option value="0">TPL_JM_LANG_DISABLED</option>
                    </field>
                <field type="group" title="TPL_JM_LANG_COOKIE_CSS" />
                    <field name="cookiecss" type="list" class="jm_switch" default="1" label="" description="TPL_JM_LANG_COOKIE_CSS_DESC">
                            <option value="1">TPL_JM_LANG_ENABLED</option>
                            <option value="0">TPL_JM_LANG_DISABLED</option>
                    </field>
            </fieldset>
            <!-- End Cookie consent settings -->

            <!--Start Advanced Tab-->
            <fieldset name="advanced">
                <field type="group" title="CACHE_SETTINGS" />
                <field name="cache_time" size="40" type="text" default="60" label="CACHE_TIME" />
                <field name="compress_css" type="radio" default="0" label="CSS_COMPRESS">
                    <option value="0">Disable</option>
                    <option value="1">Enable</option>
                </field>
                <field name="compress_js" type="radio" default="0" label="JS_COMPRESS">
                    <option value="0">Disable</option>
                    <option value="1">Enable</option>
                </field>
                <field type="group" title="LINE_GA" />
                <field name="enable_ga" class="parent analytics" type="radio" default="0" label="Enable">
                    <option value="0">No</option>
                    <option value="1">YES</option>
                </field>
                <field name="ga_code" class="child analytics analytics_1" type="text" default="" label="GA_CODE" />
				
                <field type="group" title="LOAD_JQUERY" />
                <field name="loadjquery" class="parent loadjquery" type="radio" default="0" label="FORCE_LOAD">
                    <option value="0">No</option>
                    <option value="1">YES</option>
                </field>
				
				<field name="loadfromcdn" class="child loadjquery loadjquery_1" type="radio" default="0" label="USE_CDN">
                    <option value="0">No</option>
                    <option value="1">YES</option>
                </field>
				
				<field type="group" title="LESS" />
				 <field name="lessoption" class="" type="radio" default="1" label="Enable">
                    <option value="0">No</option>
                    <option value="1">YES</option>
                </field>
				
				<field type="group" title="COMPONENT_AREA" />
				<field name="hide_component_area" class="" type="radio" default="0" label="HIDE_FRONTPAGE">				
                    <option value="0">No</option>
                    <option value="1">YES</option>
                </field>
                <!--End Advanced Tab-->

            </fieldset>
        </fields>
    </config>
</extension>