[{"name":"Header","class":"container","responsive":"","backgroundcolor":"rgba(255, 255, 255, 0)","textcolor":"rgba(255, 255, 255, 0)","linkcolor":"rgba(255, 255, 255, 0)","linkhovercolor":"rgba(255, 255, 255, 0)","margin":"","padding":"0","children":[{"span":"10","offset":"","type":"modules","position":"menu","style":"none","customclass":"","responsiveclass":""},{"span":"2","offset":"","type":"modules","position":"logo","style":"none","customclass":"right","responsiveclass":""}]},{"name":"Feature","class":"","responsive":"hidden-phone","backgroundcolor":"rgba(255, 255, 255, 0)","textcolor":"rgba(255, 255, 255, 0)","linkcolor":"rgba(255, 255, 255, 0)","linkhovercolor":"rgba(255, 255, 255, 0)","margin":"","padding":"0","children":[{"span":"12","offset":"","type":"modules","position":"feature","style":"jm_none","customclass":"","responsiveclass":""}]},{"name":"Breadcrumb","class":"container","responsive":"","backgroundcolor":"rgba(255, 255, 255, 0)","textcolor":"rgba(255, 255, 255, 0)","linkcolor":"rgba(255, 255, 255, 0)","linkhovercolor":"rgba(255, 255, 255, 0)","margin":"","padding":"","children":[{"span":"12","offset":"","type":"modules","position":"breadcrumb","style":"sp-xhtml","customclass":"","responsiveclass":""}]},{"name":"Page Title","class":"container","responsive":"","backgroundcolor":"rgba(255, 255, 255, 0)","textcolor":"rgba(255, 255, 255, 0)","linkcolor":"rgba(255, 255, 255, 0)","linkhovercolor":"rgba(255, 255, 255, 0)","margin":"","padding":"","children":[{"span":"12","offset":"","type":"modules","position":"pagetitle","style":"sp-xhtml","customclass":"","responsiveclass":""}]},{"name":"FP Message","class":"container","responsive":"","backgroundcolor":"rgba(255, 255, 255, 0)","textcolor":"rgba(255, 255, 255, 0)","linkcolor":"rgba(255, 255, 255, 0)","linkhovercolor":"rgba(255, 255, 255, 0)","margin":"","padding":"","children":[{"span":"12","offset":"","type":"modules","position":"fp-message","style":"sp_xhtml","customclass":"","responsiveclass":""}]},{"name":"FP Latest Work","class":"","responsive":"","backgroundcolor":"rgba(255, 255, 255, 0)","textcolor":"rgba(255, 255, 255, 0)","linkcolor":"rgba(255, 255, 255, 0)","linkhovercolor":"rgba(255, 255, 255, 0)","margin":"","padding":"","children":[{"span":"12","offset":"","type":"modules","position":"fp-latest","style":"sp_xhtml","customclass":"","responsiveclass":""}]},{"name":"FP Latest News","class":"container","responsive":"","backgroundcolor":"rgba(255, 255, 255, 0)","textcolor":"rgba(255, 255, 255, 0)","linkcolor":"rgba(255, 255, 255, 0)","linkhovercolor":"rgba(255, 255, 255, 0)","margin":"","padding":"","children":[{"span":"12","offset":"","type":"modules","position":"fp-news","style":"jm_none","customclass":"","responsiveclass":""}]},{"name":"FP Parallax","class":"","responsive":"hidden-phone","backgroundcolor":"rgba(255, 255, 255, 0)","textcolor":"rgba(255, 255, 255, 0)","linkcolor":"rgba(255, 255, 255, 0)","linkhovercolor":"rgba(255, 255, 255, 0)","margin":"","padding":"","children":[{"span":"12","offset":"","type":"modules","position":"fp-parallax","style":"jm_none","customclass":"","responsiveclass":""}]},{"name":"FP Clients","class":"container","responsive":"","backgroundcolor":"rgba(255, 255, 255, 0)","textcolor":"rgba(255, 255, 255, 0)","linkcolor":"rgba(255, 255, 255, 0)","linkhovercolor":"rgba(255, 255, 255, 0)","margin":"","padding":"","children":[{"span":"12","offset":"","type":"modules","position":"fp-clients","style":"sp_xhtml","customclass":"animation fadeIn","responsiveclass":""}]},{"name":"Our Service","class":"container  border-cols","responsive":"","backgroundcolor":"rgba(255, 255, 255, 0)","textcolor":"rgba(255, 255, 255, 0)","linkcolor":"rgba(255, 255, 255, 0)","linkhovercolor":"rgba(255, 255, 255, 0)","margin":"","padding":"","children":[{"span":"6","offset":"","type":"modules","position":"our-services","style":"sp_xhtml","customclass":"animation fadeInLeft","responsiveclass":""},{"span":"6","offset":"","type":"modules","position":"our-skills","style":"sp_xhtml","customclass":"animation fadeInRight","responsiveclass":""}]},{"name":"FP Contact","class":"","responsive":"hidden-phone","backgroundcolor":"rgba(255, 255, 255, 0)","textcolor":"rgba(255, 255, 255, 0)","linkcolor":"rgba(255, 255, 255, 0)","linkhovercolor":"rgba(255, 255, 255, 0)","margin":"","padding":"","children":[{"span":"12","offset":"","type":"modules","position":"fp-contact","style":"sp_xhtml","customclass":"","responsiveclass":""}]},{"name":"Main Body","class":"container","responsive":"","backgroundcolor":"rgba(246, 180, 74, 0)","textcolor":"rgba(255, 255, 255, 0)","linkcolor":"rgba(255, 255, 255, 0)","linkhovercolor":"rgba(255, 255, 255, 0)","margin":"","padding":"","children":[{"span":"4","offset":"","type":"modules","position":"left","style":"xhtml","customclass":"","responsiveclass":""},{"span":"4","offset":"","type":"message","position":"","style":"xhtml","customclass":"","responsiveclass":"","children":[{"name":"Component Area","class":"","responsive":"","backgroundcolor":"rgba(255, 255, 255, 0)","textcolor":"rgba(255, 255, 255, 0)","linkcolor":"rgba(255, 255, 255, 0)","linkhovercolor":"rgba(255, 255, 255, 0)","margin":"","padding":"","children":[{"span":"12","offset":"","type":"component","position":"","style":"xhtml","customclass":"","responsiveclass":""}]}]},{"span":"4","offset":"","type":"modules","position":"right","style":"sp_xhtml","customclass":"","responsiveclass":""}]},{"name":"Bottom","class":"container","responsive":"","backgroundcolor":"rgba(255, 255, 255, 0)","textcolor":"rgba(255, 255, 255, 0)","linkcolor":"rgba(255, 255, 255, 0)","linkhovercolor":"rgba(255, 255, 255, 0)","margin":"","padding":"","children":[{"span":"3","offset":"","type":"modules","position":"bottom1","style":"sp_flat","customclass":"animation fadeInLeft","responsiveclass":""},{"span":"3","offset":"","type":"modules","position":"bottom2","style":"sp_flat","customclass":"animation fadeInLeft","responsiveclass":""},{"span":"3","offset":"","type":"modules","position":"bottom3","style":"sp_xhtml","customclass":"animation fadeInRight","responsiveclass":""},{"span":"3","offset":"","type":"modules","position":"bottom4","style":"sp_xhtml","customclass":"animation fadeInRight","responsiveclass":""}]},{"name":"Footer","class":"container","responsive":"","backgroundcolor":"rgba(255, 255, 255, 0)","textcolor":"rgba(255, 255, 255, 0)","linkcolor":"rgba(255, 255, 255, 0)","linkhovercolor":"rgba(255, 255, 255, 0)","margin":"","padding":"","children":[{"span":"12","offset":"","type":"modules","position":"footer1","style":"none","customclass":"","responsiveclass":""},{"span":"12","offset":"","type":"modules","position":"footer2","style":"jm_none","customclass":"","responsiveclass":""}]},{"name":"Cookie Law","class":"","responsive":"","backgroundcolor":"rgba(255, 255, 255, 0)","textcolor":"rgba(255, 255, 255, 0)","linkcolor":"rgba(255, 255, 255, 0)","linkhovercolor":"rgba(255, 255, 255, 0)","margin":"","padding":"","children":[{"span":"12","offset":"","type":"modules","position":"cookielaw","style":"sp-xhtml","customclass":"","responsiveclass":""}]}]